{"cameraMode":{"drawMode":0,"name":"Shaded","section":"Shading Mode"},"sceneLighting":false,"audioPlay":false,"sceneViewState":{"m_AlwaysRefresh":false,"showFog":true,"showSkybox":false,"showFlares":true,"showImageEffects":true,"showParticleSystems":true,"showVisualEffectGraphs":true,"m_FxEnabled":true},"in2DMode":false,"pivot":{"x":1.7854499816894532,"y":1.2999999523162842,"z":0.21899999678134919},"rotation":{"x":0.15791161358356477,"y":0.09432585537433624,"z":-0.015156189911067486,"w":0.982828676700592},"size":0.09785985946655274,"orthographic":false}