{"cameraMode":{"drawMode":0,"name":"Shaded","section":"Shading Mode"},"sceneLighting":true,"audioPlay":false,"sceneViewState":{"m_AlwaysRefresh":false,"showFog":true,"showSkybox":true,"showFlares":true,"showImageEffects":true,"showParticleSystems":true,"showVisualEffectGraphs":true,"m_FxEnabled":true},"in2DMode":false,"pivot":{"x":1.3045827150344849,"y":0.9516910910606384,"z":1.3930132389068604},"rotation":{"x":0.12092292308807373,"y":0.3914092183113098,"z":-0.05196823924779892,"w":0.91075599193573},"size":1.4988622665405274,"orthographic":false}